HFE,WAR,SMT,RYH,BXB,CHN,WLC,ENL,BMD,PON,NUM,TOM,LEB,SRA,LST
HFE,WAR,SMT,RYH,BXB,CHN,WLC,ENL,BMD,PON,NUM,TOM,LEB,SRA,LST
HFE,WAR,SMT,RYH,BXB,CHN,WLC,ENL,BMD,PON,NUM,TOM,LEB,SRA,LST
LST,SRA,LEB,TOM,PON,BMD,ENL,WLC,CHN,BXB,RYH,SMT,WAR,HFE
LST,HAC,SVS,CHN,BXB,RYN,HWN,HWM,SAW,BIS,SST,ESM,NWE,AUD,GRC,WLF,SED,CBG,CMB
LST,SRA,RMF,SNF,BIC,WIC,RLG,HOC,RFD,SIA,PRL,SOV
LST,SRA,SNF,INT,CHM,WTM,WNY,CES,BTP,BTR
LST,SRA,SNF,INT,CHM,WTM,COL,WIV,TLS,CLT
LST,COL,MNG,IPS,DIS,NRW
LST,SRA,RMF,SNF,CHM,WTM,KEL,MKT,COL,CET
LST,SRA,MYL,FOG,MNP,IFD,SVK,GMY,CTH,RMF,GDP,HRO,BRE,SNF
LST,COL,MNG,IPS,DIS,NRW
LST,SRA,TOM,BIS,SSD
LST,SVS,BXB,HWN,BIS,SSD
LST,SVS,BXB,HWN,BIS,SSD
LST,SRA,LEB,TOM,PON,BMD,ENL,WLC,CHN,BXB,RYH,SMT,WAR,HFE
CBG,WLF,AUD,BIS,SAW,HWM,HWN,RYN,BXB,CHN,SVS,HAC,LST
CBG,CMB,ELY,BND,TTF,ATL,WMD,NRW
SSD,AUD,CBG,ELY,MCH,PBO,SMD,OKM,MMO,LEI,NUN,CEH,BHM
KGX,CBG,CMB,WBC,ELY,LTP,DOW,WTG,KLN
CBG,DUL,NMK,BSE,TRS,ESW,SMK,NMT,IPS
CBG,DUL,NMK,BSE,TRS,ESW,SMK,NMT,IPS
SSD,AUD,CBG,ELY,MCH,PBO,SMD,OKM,MMO,LEI,NUN,CEH,BHM
CBG,WLF,AUD,BIS,SAW,HWM,HWN,BXB,CHN,TOM,SRA,LST
CBG,WLF,AUD,BIS,SAW,HWM,HWN,RYN,BXB,CHN,SVS,HAC,LST
CBG,WLF,AUD,BIS,SAW,HWM,HWN,RYN,BXB,CHN,SVS,HAC,LST
CBG,WLF,AUD,BIS,SAW,HWM,HWN,RYN,BXB,CHN,SVS,HAC,LST
SOV,PRL,SIA,RFD,HOC,RLG,WIC,BIC,SNF,RMF,SRA,LST
SOV,PRL,SIA,RFD,HOC,RLG,WIC,BIC,SNF,RMF,SRA,LST
BTR,BTP,CES,WNY,WTM,CHM,INT,SNF,SRA,LST
BTR,BTP,CES,WNY,WTM,CHM,INT,SNF,SRA,LST
CLT,TLS,WIV,COL,WTM,CHM,INT,SNF,SRA,LST
CLT,TLS,WIV,COL,WTM,CHM,INT,SNF,SRA,LST
NRW,DIS,SMK,IPS,MNG,SRA,LST
NRW,WMD,ATL,TTF,BND,LAK,ELY,CMB,CBG
NRW,TTF,ELY,PBO,GRA,NOT,ILN,ALF,CHD,SHF,SPT,MAN,MCO,WAC,WID,LPY
NRW,SAH,HXM,NWA,GNT,RNR,CMR,WRN,SHM
NRW,DIS,SMK,IPS,MNG,SRA,LST
NRW,WMD,ATL,TTF,BND,LAK,ELY,CMB,CBG
NRW,GYM
BHM,CEH,NUN,LEI,MMO,OKM,SMD,PBO,MCH,ELY,CBG,AUD,SSD
NOT,GRA,PBO,ELY,TTF,NRW
PBO,WLE,MCH,MNE,ELY,BSE,SMK,IPS
PBO,WLE,MCH,MNE,ELY,BSE,SMK,IPS
NOT,GRA,PBO,ELY,TTF,NRW
KLN,DOW,ELY,CMB,CBG,RYS,BDK,LET,HIT,SVG,FPK,KGX
KLN,DOW,ELY,CMB,CBG,RYS,BDK,LET,HIT,SVG,FPK,KGX
SHM,WRN,CMR,RNR,GNT,NWA,WRT,HXM,NRW
FLX,TRM,DBR,WFI,IPS
WON,FRI,KBX,TLS,WEE,GRB,ALR,WIV,HYH,CET,COL
CET,COL,MKT,KEL,WTM,CHM,SNF,RMF,SRA,LST
COL,CET,HYH,WIV,ALR,GRB,WEE,TLS,KBX,FRI,WON
CET,COL,MKT,KEL,WTM,CHM,SNF,RMF,SRA,LST
IPS,NMT,SMK,ESW,TRS,BSE,KNE,NMK,CBG
CBG,NMK,KNE,BSE,TRS,ESW,SMK,NMT,IPS
SNF,BRE,HRO,GDP,RMF,CTH,GMY,SVK,IFD,MNP,FOG,MYL,SRA,LST
LST,SRA,SNF,BIC,WIC,RLG,HOC,RFD,SIA,PRL,SOV
LST,SRA,SNF,INT,CHM,WTM,WNY,CES,BTP,BTR
LST,SRA,SNF,INT,CHM,WTM,COL,WIV,TLS,CLT
LST,SRA,RMF,SNF,CHM,WTM,KEL,MKT,COL,CET
LST,SRA,SNF,CHM,HAP,WTM,KEL,MKT,COL,MNG,IPS
NRW,DIS,IPS,MNG,COL,LST
IPS,NMT,SMK,ESW,TRS,BSE,KNE,NMK,CBG
LST,COL,MNG,IPS,DIS,NRW
IPS,SMK,BSE,ELY,MNE,MCH,WLE,PBO
IPS,WFI,DBR,TRM,FLX
IPS,NMT,SMK,ESW,TRS,BSE,KNE,NMK,CBG
IPS,MNG,COL,MKT,KEL,WTM,HAP,CHM,SNF,SRA,LST
IPS,SMK,BSE,ELY,MNE,MCH,WLE,PBO
IPS,WDB,MES,WCM,SAX,DSM,HAS,BRP,BCC,OUS,LWT
KLN,WTG,DOW,LTP,ELY,WBC,CMB,CBG,KGX
CBG,CMB,ELY,BND,TTF,ATL,WMD,NRW
SSD,AUD,CBG,ELY,MCH,PBO,SMD,OKM,MMO,LEI,NUN,CEH,BHM
KGX,CBG,CMB,WBC,ELY,LTP,DOW,WTG,KLN
GYM,ACL,LGD,BDA,BGA,NRW
LST,SRA,LEB,TOM,PON,BMD,ENL,WLC,CHN,BXB,RYH,SMT,WAR,HFE
CBG,WLF,AUD,BIS,SAW,HWM,HWN,BXB,CHN,TOM,SRA,LST
LST,SRA,TOM,CHN,BXB,HWN,HWM,SAW,BIS,AUD,WLF,CBG
LST,SRA,TOM,HWN,BIS,SST,SSD
LST,SRA,TOM,HWN,BIS,SST,SSD
LST,SRA,TOM,CHN,BXB,HWN,HWM,SAW,BIS,AUD,WLF,CBG
SSD,BIS,HWN,BXB,SVS,LST
LST,SRA,TOM,CHN,BXB,RYN,HWN,HWM,SAW,BIS,SST,ESM,NWE,AUD,GRC,WLF,SED,CBG,CMB
SSD,BIS,HWN,TOM,SRA,LST
LST,SRA,TOM,CHN,BXB,RYN,HWN,HWM,SAW,BIS,SST,ESM,NWE,AUD,GRC,WLF,SED,CBG,CMB
CMB,CBG,SED,WLF,GRC,AUD,NWE,ESM,SST,BIS,SAW,HWM,HWN,RYN,BXB,CHN,SVS,HAC,LST
SSD,BIS,HWN,CHN,SVS,LST
LST,HAC,SVS,CHN,BXB,RYN,HWN,HWM,SAW,BIS,SST,ESM,NWE,AUD,GRC,WLF,SED,CBG,CMB
SSD,BIS,TOM,SRA,LST
SSD,BIS,HWN,CHN,SVS,LST
SSD,BIS,HWN,CHN,SVS,LST
LWT,OUN,SYT,HAD,REE,CNY,BDA,NRW
LWT,OUS,BCC,BRP,HAS,DSM,SAX,WCM,MES,WDB,IPS
LST,SRA,LEB,TOM,NUM,PON,BMD,ENL,WLC,CHN,BXB,RYH,SMT,WAR,HFE
HFE,WAR,SMT,RYH,BXB,CHN,WLC,ENL,BMD,PON,TOM,LEB,SRA,LST
LST,HAC,SVS,CHN,BXB,RYN,HWN,HWM,SAW,BIS,AUD,WLF,CBG
HFE,WAR,SMT,RYH,BXB,CHN,WLC,ENL,BMD,PON,TOM,LEB,SRA,LST
LST,HAC,SVS,CHN,BXB,RYN,HWN,HWM,SAW,BIS,AUD,WLF,CBG
LST,HAC,SVS,CHN,BXB,RYN,HWN,HWM,SAW,BIS,AUD,WLF,CBG
